"byz","actual","predicted","selected.predicted","clock","threshold","blockchain_size_kB","error","absError","selected.absError","squaredError","consWhite","actual.white","predicted.white","selected.predicted.white","error.white","overall.mean","overall.absError","theoretical.actual","theoretical.pee","error.extrapolation","pee","harm"
0,25,29.7675,29.7675,290,0.02,2828,-4.7675,4.7675,4.7675,22.72905625,FALSE,75,70.2325,70.2325,4.7675,70.2325,4.7675,75,0,3.391025,1.376475,0.674105000000003
0,25,21.1949,21.1949,381,0.02,NA,3.8051,3.8051,3.8051,14.47878601,FALSE,75,78.8051,78.8051,-3.8051,78.8051,3.8051,75,0,3.391025,0.414075,-0.288295
0,25,14.72467,14.72467,341,0.02,NA,10.27533,10.27533,10.27533,105.5824066089,FALSE,75,85.27533,85.27533,-10.27533,85.27533,10.27533,75,0,3.391025,6.884305,6.181935
0,25,28.4953,28.4953,381,0.02,NA,-3.4953,3.4953,3.4953,12.21712209,FALSE,75,71.5047,71.5047,3.4953,71.5047,3.4953,75,0,3.391025,0.104275000000001,-0.598094999999999
0,25,33.37614,33.37614,425,0.02,NA,-8.37614,8.37614,8.37614,70.1597212996,FALSE,75,66.62386,66.62386,8.37613999999999,66.62386,8.37613999999999,75,0,3.391025,4.985115,4.282745
1,25,25.34637,25.34637,374,0.02,3692,-0.34637,0.34637,0.34637,0.1199721769,FALSE,75,74.65363,74.65363,0.346370000000007,74.65363,0.346370000000007,71.25,3.75,0.528526249999999,-0.182156249999998,-3.747025
1,25,13.78519,13.78519,335,0.02,NA,11.21481,11.21481,11.21481,125.7719633361,FALSE,75,86.21481,86.21481,-11.21481,86.21481,11.21481,71.25,3.75,0.528526249999999,10.68628375,7.121415
1,25,21.50966,21.50966,338,0.02,NA,3.49034,3.49034,3.49034,12.1824733156,FALSE,75,78.49034,78.49034,-3.49034,78.49034,3.49034,71.25,3.75,0.528526249999999,2.96181375,-0.603054999999999
1,25,24.95474,24.95474,340,0.02,NA,0.045259999999999,0.045259999999999,0.045259999999999,0.00204846759999991,FALSE,75,75.04526,75.04526,-0.045259999999999,75.04526,0.045259999999999,71.25,3.75,0.528526249999999,-0.48326625,-4.048135
1,25,27.28663,27.28663,430,0.02,NA,-2.28663,2.28663,2.28663,5.22867675690001,FALSE,75,72.71337,72.71337,2.28663,72.71337,2.28663,71.25,3.75,0.528526249999999,1.75810375,-1.806765
2,25,34.29514,34.29514,336,0.02,3020,-9.29514,9.29514,9.29514,86.3996276196001,FALSE,75,65.70486,65.70486,9.29514,65.70486,9.29514,67.5,7.5,4.4480775,4.84706250000001,5.201745
2,25,32.17879,32.17879,334,0.02,NA,-7.17879,7.17879,7.17879,51.5350258641,FALSE,75,67.82121,67.82121,7.17878999999999,67.82121,7.17878999999999,67.5,7.5,4.4480775,2.7307125,3.085395
2,25,31.32434,31.32434,431,0.02,NA,-6.32434,6.32434,6.32434,39.9972764356,FALSE,75,68.67566,68.67566,6.32434000000001,68.67566,6.32434000000001,67.5,7.5,4.4480775,1.8762625,2.230945
2,25,34.43354,34.43354,341,0.02,NA,-9.43354,9.43354,9.43354,88.9916769316,FALSE,75,65.56646,65.56646,9.43353999999999,65.56646,9.43353999999999,67.5,7.5,4.4480775,4.9854625,5.340145
2,25,28.63548,28.63548,339,0.02,NA,-3.63548,3.63548,3.63548,13.2167148304,FALSE,75,71.36452,71.36452,3.63548,71.36452,3.63548,67.5,7.5,4.4480775,-0.812597499999995,-0.457914999999998
3,25,33.74875,33.74875,342,0.02,3672,-8.74875,8.74875,8.74875,76.5406265625,FALSE,75,66.25125,66.25125,8.74875,66.25125,8.74875,63.75,11.25,8.36762875000001,0.381121249999993,4.655355
3,25,37.415,37.415,432,0.02,NA,-12.415,12.415,12.415,154.132225,FALSE,75,62.585,62.585,12.415,62.585,12.415,63.75,11.25,8.36762875000001,4.04737124999999,8.321605
3,25,32.31746,32.31746,380,0.02,NA,-7.31746,7.31746,7.31746,53.5452208516,FALSE,75,67.68254,67.68254,7.31746,67.68254,7.31746,63.75,11.25,8.36762875000001,-1.05016875000001,3.224065
3,25,37.4389,37.4389,490,0.02,NA,-12.4389,12.4389,12.4389,154.72623321,FALSE,75,62.5611,62.5611,12.4389,62.5611,12.4389,63.75,11.25,8.36762875000001,4.07127125,8.345505
3,25,36.86303,36.86303,333,0.02,NA,-11.86303,11.86303,11.86303,140.7314807809,FALSE,75,63.13697,63.13697,11.86303,63.13697,11.86303,63.75,11.25,8.36762875000001,3.49540124999999,7.769635
4,25,28.54947,28.54947,336,0.02,2032,-3.54947,3.54947,3.54947,12.5987372809,FALSE,75,71.45053,71.45053,3.54947,71.45053,3.54947,60,15,12.28718,-8.73771,-0.543925
4,25,23.12993,23.12993,474,0.02,NA,1.87007,1.87007,1.87007,3.49716180489999,FALSE,75,76.87007,76.87007,-1.87007,76.87007,1.87007,60,15,12.28718,-10.41711,-2.223325
4,25,35.89274,35.89274,425,0.02,NA,-10.89274,10.89274,10.89274,118.6517847076,FALSE,75,64.10726,64.10726,10.89274,64.10726,10.89274,60,15,12.28718,-1.39444,6.799345
4,25,26.66042,26.66042,387,0.02,NA,-1.66042,1.66042,1.66042,2.75699457640001,FALSE,75,73.33958,73.33958,1.66042,73.33958,1.66042,60,15,12.28718,-10.62676,-2.432975
4,25,44.27943,44.27943,522,0.02,NA,-19.27943,19.27943,19.27943,371.6964211249,FALSE,75,55.72057,55.72057,19.27943,55.72057,19.27943,60,15,12.28718,6.99225,15.186035
5,25,44.87853,44.87853,479,0.02,4652,-19.87853,19.87853,19.87853,395.1559549609,FALSE,75,55.12147,55.12147,19.87853,55.12147,19.87853,56.25,18.75,16.20673125,3.67179875,15.785135
5,25,32.61937,32.61937,474,0.02,NA,-7.61937,7.61937,7.61937,58.0547991968999,FALSE,75,67.38063,67.38063,7.61937,67.38063,7.61937,56.25,18.75,16.20673125,-8.58736125,3.525975
5,25,36.40907,36.40907,432,0.02,NA,-11.40907,11.40907,11.40907,130.1668782649,FALSE,75,63.59093,63.59093,11.40907,63.59093,11.40907,56.25,18.75,16.20673125,-4.79766125,7.315675
5,25,40.85441,40.85441,473,0.02,NA,-15.85441,15.85441,15.85441,251.3623164481,FALSE,75,59.14559,59.14559,15.85441,59.14559,15.85441,56.25,18.75,16.20673125,-0.352321249999996,11.761015
5,25,36.96785,36.96785,382,0.02,NA,-11.96785,11.96785,11.96785,143.2294336225,FALSE,75,63.03215,63.03215,11.96785,63.03215,11.96785,56.25,18.75,16.20673125,-4.23888125,7.874455
6,25,42.74931,42.74931,382,0.02,3804,-17.74931,17.74931,17.74931,315.0380054761,FALSE,75,57.25069,57.25069,17.74931,57.25069,17.74931,52.5,22.5,20.1262825,-2.3769725,13.655915
6,25,46.97852,46.97852,475,0.02,NA,-21.97852,21.97852,21.97852,483.0553413904,FALSE,75,53.02148,53.02148,21.97852,53.02148,21.97852,52.5,22.5,20.1262825,1.8522375,17.885125
6,25,44.13575,44.13575,429,0.02,NA,-19.13575,19.13575,19.13575,366.1769280625,FALSE,75,55.86425,55.86425,19.13575,55.86425,19.13575,52.5,22.5,20.1262825,-0.9905325,15.042355
7,25,44.69879,44.69879,664,0.02,6336,-19.69879,19.69879,19.69879,388.0423274641,FALSE,75,55.30121,55.30121,19.69879,55.30121,19.69879,48.75,26.25,24.04583375,-4.34704375,15.605395
7,25,52.83628,52.83628,616,0.02,NA,-27.83628,27.83628,27.83628,774.8584842384,FALSE,75,47.16372,47.16372,27.83628,47.16372,27.83628,48.75,26.25,24.04583375,3.79044625,23.742885
7,25,45.90547,45.90547,522,0.02,NA,-20.90547,20.90547,20.90547,437.0386759209,FALSE,75,54.09453,54.09453,20.90547,54.09453,20.90547,48.75,26.25,24.04583375,-3.14036375,16.812075
7,25,35.44022,35.44022,496,0.02,NA,-10.44022,10.44022,10.44022,108.9981936484,FALSE,75,64.55978,64.55978,10.44022,64.55978,10.44022,48.75,26.25,24.04583375,-13.60561375,6.346825
0,25,26.00102,26.00102,327,0.02,3384,-1.00102,1.00102,1.00102,1.00204104040001,FALSE,75,73.99898,73.99898,1.00102000000001,73.99898,1.00102000000001,75,0,3.391025,-2.390005,-3.092375
0,25,21.83096,21.83096,383,0.02,NA,3.16904,3.16904,3.16904,10.0428145216,FALSE,75,78.16904,78.16904,-3.16904,78.16904,3.16904,75,0,3.391025,-0.221984999999997,-0.924354999999997
0,25,26.99077,26.99077,383,0.02,NA,-1.99077,1.99077,1.99077,3.96316519289999,FALSE,75,73.00923,73.00923,1.99077,73.00923,1.99077,75,0,3.391025,-1.400255,-2.102625
0,25,28.2301,28.2301,336,0.02,NA,-3.2301,3.2301,3.2301,10.43354601,FALSE,75,71.7699,71.7699,3.23010000000001,71.7699,3.23010000000001,75,0,3.391025,-0.160924999999995,-0.863294999999995
1,25,30.84276,30.84276,293,0.02,3040,-5.84276,5.84276,5.84276,34.1378444176,FALSE,75,69.15724,69.15724,5.84276,69.15724,5.84276,71.25,3.75,0.528526249999999,5.31423375,1.749365
1,25,28.8227,28.8227,337,0.02,NA,-3.8227,3.8227,3.8227,14.61303529,FALSE,75,71.1773,71.1773,3.8227,71.1773,3.8227,71.25,3.75,0.528526249999999,3.29417375,-0.270694999999998
1,25,20.81318,20.81318,334,0.02,NA,4.18682,4.18682,4.18682,17.5294617124,FALSE,75,79.18682,79.18682,-4.18682,79.18682,4.18682,71.25,3.75,0.528526249999999,3.65829375,0.0934250000000016
1,25,31.89986,31.89986,333,0.02,NA,-6.89986,6.89986,6.89986,47.6080680196001,FALSE,75,68.10014,68.10014,6.89986,68.10014,6.89986,71.25,3.75,0.528526249999999,6.37133375000001,2.806465
1,25,21.59897,21.59897,392,0.02,NA,3.40103,3.40103,3.40103,11.5670050609,FALSE,75,78.40103,78.40103,-3.40102999999999,78.40103,3.40102999999999,71.25,3.75,0.528526249999999,2.87250375,-0.692365000000001
2,25,29.54266,29.54266,310,0.02,3128,-4.54266,4.54266,4.54266,20.6357598756,FALSE,75,70.45734,70.45734,4.54266,70.45734,4.54266,67.5,7.5,4.4480775,0.0945825000000013,0.449264999999999
2,25,18.04404,18.04404,428,0.02,NA,6.95596,6.95596,6.95596,48.3853795216,FALSE,75,81.95596,81.95596,-6.95596,81.95596,6.95596,67.5,7.5,4.4480775,2.5078825,2.862565
2,25,31.39653,31.39653,381,0.02,NA,-6.39653,6.39653,6.39653,40.9155960409,FALSE,75,68.60347,68.60347,6.39653,68.60347,6.39653,67.5,7.5,4.4480775,1.9484525,2.303135
2,25,29.32648,29.32648,337,0.02,NA,-4.32648,4.32648,4.32648,18.7184291904,FALSE,75,70.67352,70.67352,4.32648,70.67352,4.32648,67.5,7.5,4.4480775,-0.121597499999996,0.233085000000001
2,25,27.06074,27.06074,453,0.02,NA,-2.06074,2.06074,2.06074,4.2466493476,FALSE,75,72.93926,72.93926,2.06074,72.93926,2.06074,67.5,7.5,4.4480775,-2.3873375,-2.032655
3,25,35.57601,35.57601,386,0.02,3512,-10.57601,10.57601,10.57601,111.8519875201,FALSE,75,64.42399,64.42399,10.57601,64.42399,10.57601,63.75,11.25,8.36762875000001,2.20838125,6.482615
3,25,39.27853,39.27853,569,0.02,NA,-14.27853,14.27853,14.27853,203.8764189609,FALSE,75,60.72147,60.72147,14.27853,60.72147,14.27853,63.75,11.25,8.36762875000001,5.91090124999999,10.185135
3,25,26.62923,26.62923,474,0.02,NA,-1.62923,1.62923,1.62923,2.6543903929,FALSE,75,73.37077,73.37077,1.62923000000001,73.37077,1.62923000000001,63.75,11.25,8.36762875000001,-6.73839875000001,-2.464165
4,25,31.59005,31.59005,347,0.02,3572,-6.59005,6.59005,6.59005,43.4287590025,FALSE,75,68.40995,68.40995,6.59004999999999,68.40995,6.59004999999999,60,15,12.28718,-5.69713,2.496655
4,25,41.04196,41.04196,429,0.02,NA,-16.04196,16.04196,16.04196,257.3444806416,FALSE,75,58.95804,58.95804,16.04196,58.95804,16.04196,60,15,12.28718,3.75478,11.948565
4,25,33.52442,33.52442,472,0.02,NA,-8.52442,8.52442,8.52442,72.6657363364,FALSE,75,66.47558,66.47558,8.52441999999999,66.47558,8.52441999999999,60,15,12.28718,-3.76276,4.431025
4,25,32.98984,32.98984,334,0.02,NA,-7.98984,7.98984,7.98984,63.8375432256,FALSE,75,67.01016,67.01016,7.98984,67.01016,7.98984,60,15,12.28718,-4.29734,3.896445
5,25,32.902,32.902,388,0.02,3736,-7.902,7.902,7.902,62.441604,FALSE,75,67.098,67.098,7.902,67.098,7.902,56.25,18.75,16.20673125,-8.30473125,3.808605
5,25,58.70051,58.70051,759,0.02,NA,-33.70051,33.70051,33.70051,1135.7243742601,FALSE,75,41.29949,41.29949,33.70051,41.29949,33.70051,56.25,18.75,16.20673125,17.49377875,29.607115
5,25,36.94817,36.94817,431,0.02,NA,-11.94817,11.94817,11.94817,142.7587663489,FALSE,75,63.05183,63.05183,11.94817,63.05183,11.94817,56.25,18.75,16.20673125,-4.25856124999999,7.85477500000001
5,25,40.38417,40.38417,428,0.02,NA,-15.38417,15.38417,15.38417,236.6726865889,FALSE,75,59.61583,59.61583,15.38417,59.61583,15.38417,56.25,18.75,16.20673125,-0.822561249999993,11.290775
6,25,42.803,42.803,431,0.02,4252,-17.803,17.803,17.803,316.946809,FALSE,75,57.197,57.197,17.803,57.197,17.803,52.5,22.5,20.1262825,-2.3232825,13.709605
6,25,42.05782,42.05782,664,0.02,NA,-17.05782,17.05782,17.05782,290.9692231524,FALSE,75,57.94218,57.94218,17.05782,57.94218,17.05782,52.5,22.5,20.1262825,-3.0684625,12.964425
6,25,38.7373,38.7373,385,0.02,NA,-13.7373,13.7373,13.7373,188.71341129,FALSE,75,61.2627,61.2627,13.7373,61.2627,13.7373,52.5,22.5,20.1262825,-6.3889825,9.64390500000001
6,25,53.19595,53.19595,594,0.02,NA,-28.19595,28.19595,28.19595,795.0115964025,FALSE,75,46.80405,46.80405,28.19595,46.80405,28.19595,52.5,22.5,20.1262825,8.0696675,24.102555
7,25,35.74358,35.74358,345,0.02,3540,-10.74358,10.74358,10.74358,115.4245112164,FALSE,75,64.25642,64.25642,10.74358,64.25642,10.74358,48.75,26.25,24.04583375,-13.30225375,6.650185
7,25,53.79387,53.79387,805,0.02,NA,-28.79387,28.79387,28.79387,829.0869495769,FALSE,75,46.20613,46.20613,28.79387,46.20613,28.79387,48.75,26.25,24.04583375,4.74803625,24.700475
7,25,41.35272,41.35272,474,0.02,NA,-16.35272,16.35272,16.35272,267.4114513984,FALSE,75,58.64728,58.64728,16.35272,58.64728,16.35272,48.75,26.25,24.04583375,-7.69311375,12.259325
7,25,43.63903,43.63903,475,0.02,NA,-18.63903,18.63903,18.63903,347.4134393409,FALSE,75,56.36097,56.36097,18.63903,56.36097,18.63903,48.75,26.25,24.04583375,-5.40680375,14.545635
0,25,28.46103,28.46103,520,0.02,NA,-3.46103,3.46103,3.46103,11.9787286609,FALSE,75,71.53897,71.53897,3.46102999999999,71.53897,3.46102999999999,75,0,3.391025,0.0700049999999983,-0.632365000000002
0,25,16.74301,16.74301,380,0.02,NA,8.25699,8.25699,8.25699,68.1778838601,FALSE,75,83.25699,83.25699,-8.25699,83.25699,8.25699,75,0,3.391025,4.865965,4.163595
0,25,25.26026,25.26026,345,0.02,NA,-0.260260000000002,0.260260000000002,0.260260000000002,0.0677352676000012,FALSE,75,74.73974,74.73974,0.260260000000002,74.73974,0.260260000000002,75,0,3.391025,-3.130765,-3.833135
1,25,24.48407,24.48407,381,0.02,NA,0.515930000000001,0.515930000000001,0.515930000000001,0.266183764900001,FALSE,75,75.51593,75.51593,-0.515929999999997,75.51593,0.515929999999997,71.25,3.75,0.528526249999999,-0.0125962499999979,-3.577465
1,25,29.00244,29.00244,383,0.02,NA,-4.00244,4.00244,4.00244,16.0195259536,FALSE,75,70.99756,70.99756,4.00244000000001,70.99756,4.00244000000001,71.25,3.75,0.528526249999999,3.47391375,-0.0909549999999992
1,25,28.09131,28.09131,337,0.02,NA,-3.09131,3.09131,3.09131,9.55619751610002,FALSE,75,71.90869,71.90869,3.09131000000001,71.90869,3.09131000000001,71.25,3.75,0.528526249999999,2.56278375,-1.002085
2,25,34.42909,34.42909,316,0.02,3188,-9.42909,9.42909,9.42909,88.9077382281,FALSE,75,65.57091,65.57091,9.42909,65.57091,9.42909,67.5,7.5,4.4480775,4.98101250000001,5.335695
2,25,25.64055,25.64055,472,0.02,NA,-0.640550000000001,0.640550000000001,0.640550000000001,0.410304302500001,FALSE,75,74.35945,74.35945,0.640550000000005,74.35945,0.640550000000005,67.5,7.5,4.4480775,-3.8075275,-3.452845
2,25,24.5483,24.5483,384,0.02,NA,0.451699999999999,0.451699999999999,0.451699999999999,0.204032889999999,FALSE,75,75.4517,75.4517,-0.451700000000002,75.4517,0.451700000000002,67.5,7.5,4.4480775,-3.9963775,-3.641695
2,25,42.27875,42.27875,335,0.02,NA,-17.27875,17.27875,17.27875,298.5552015625,FALSE,75,57.72125,57.72125,17.27875,57.72125,17.27875,67.5,7.5,4.4480775,12.8306725,13.185355
3,25,38.11841,38.11841,337,0.02,3008,-13.11841,13.11841,13.11841,172.0926809281,FALSE,75,61.88159,61.88159,13.11841,61.88159,13.11841,63.75,11.25,8.36762875000001,4.75078125,9.02501500000001
3,25,43.37369,43.37369,427,0.02,NA,-18.37369,18.37369,18.37369,337.5924842161,FALSE,75,56.62631,56.62631,18.37369,56.62631,18.37369,63.75,11.25,8.36762875000001,10.00606125,14.280295
3,25,28.46792,28.46792,385,0.02,NA,-3.46792,3.46792,3.46792,12.0264691264,FALSE,75,71.53208,71.53208,3.46792000000001,71.53208,3.46792000000001,63.75,11.25,8.36762875000001,-4.89970875000001,-0.625474999999996
3,25,24.74029,24.74029,383,0.02,NA,0.259709999999998,0.259709999999998,0.259709999999998,0.0674492840999991,FALSE,75,75.25971,75.25971,-0.259709999999998,75.25971,0.259709999999998,63.75,11.25,8.36762875000001,-8.10791875000001,-3.833685
4,25,40.14905,40.14905,334,0.02,3380,-15.14905,15.14905,15.14905,229.4937159025,FALSE,75,59.85095,59.85095,15.14905,59.85095,15.14905,60,15,12.28718,2.86187,11.055655
4,25,40.97372,40.97372,477,0.02,NA,-15.97372,15.97372,15.97372,255.1597306384,FALSE,75,59.02628,59.02628,15.97372,59.02628,15.97372,60,15,12.28718,3.68654,11.880325
4,25,26.50096,26.50096,400,0.02,NA,-1.50096,1.50096,1.50096,2.25288092160001,FALSE,75,73.49904,73.49904,1.50096000000001,73.49904,1.50096000000001,60,15,12.28718,-10.78622,-2.592435
4,25,31.5842,31.5842,347,0.02,NA,-6.5842,6.5842,6.5842,43.35168964,FALSE,75,68.4158,68.4158,6.58420000000001,68.4158,6.58420000000001,60,15,12.28718,-5.70298,2.490805
5,25,31.34219,31.34219,343,0.02,3152,-6.34219,6.34219,6.34219,40.2233739961,FALSE,75,68.65781,68.65781,6.34219,68.65781,6.34219,56.25,18.75,16.20673125,-9.86454125,2.248795
5,25,32.5798,32.5798,474,0.02,NA,-7.5798,7.5798,7.5798,57.45336804,FALSE,75,67.4202,67.4202,7.57980000000001,67.4202,7.57980000000001,56.25,18.75,16.20673125,-8.62693125,3.486405
5,25,50.29229,50.29229,521,0.02,NA,-25.29229,25.29229,25.29229,639.6999334441,FALSE,75,49.70771,49.70771,25.29229,49.70771,25.29229,56.25,18.75,16.20673125,9.08555875,21.198895
5,25,36.61467,36.61467,415,0.02,NA,-11.61467,11.61467,11.61467,134.9005592089,FALSE,75,63.38533,63.38533,11.61467,63.38533,11.61467,56.25,18.75,16.20673125,-4.59206125,7.521275
6,25,43.3748,43.3748,429,0.02,3672,-18.3748,18.3748,18.3748,337.63327504,FALSE,75,56.6252,56.6252,18.3748,56.6252,18.3748,52.5,22.5,20.1262825,-1.7514825,14.281405
6,25,49.99906,49.99906,672,0.02,NA,-24.99906,24.99906,24.99906,624.9530008836,FALSE,75,50.00094,50.00094,24.99906,50.00094,24.99906,52.5,22.5,20.1262825,4.8727775,20.905665
6,25,37.8287,37.8287,684,0.02,NA,-12.8287,12.8287,12.8287,164.57554369,FALSE,75,62.1713,62.1713,12.8287,62.1713,12.8287,52.5,22.5,20.1262825,-7.2975825,8.735305
7,25,37.1132,37.1132,475,0.02,NA,-12.1132,12.1132,12.1132,146.72961424,FALSE,75,62.8868,62.8868,12.1132,62.8868,12.1132,48.75,26.25,24.04583375,-11.93263375,8.019805
7,25,46.79051,46.79051,383,0.02,NA,-21.79051,21.79051,21.79051,474.8263260601,FALSE,75,53.20949,53.20949,21.79051,53.20949,21.79051,48.75,26.25,24.04583375,-2.25532375,17.697115
0,25,21.01163,21.01163,337,0.02,1820,3.98837,3.98837,3.98837,15.9070952569,FALSE,75,78.98837,78.98837,-3.98837,78.98837,3.98837,75,0,3.391025,0.597345000000001,-0.105024999999999
0,25,26.4262,26.4262,335,0.02,NA,-1.4262,1.4262,1.4262,2.03404644,FALSE,75,73.5738,73.5738,1.42619999999999,73.5738,1.42619999999999,75,0,3.391025,-1.964825,-2.667195
0,25,13.09219,13.09219,350,0.02,NA,11.90781,11.90781,11.90781,141.7959389961,FALSE,75,86.90781,86.90781,-11.90781,86.90781,11.90781,75,0,3.391025,8.516785,7.814415
0,25,14.98852,14.98852,429,0.02,NA,10.01148,10.01148,10.01148,100.2297317904,FALSE,75,85.01148,85.01148,-10.01148,85.01148,10.01148,75,0,3.391025,6.620455,5.918085
1,25,20.75986,20.75986,301,0.02,3124,4.24014,4.24014,4.24014,17.9787872196,FALSE,75,79.24014,79.24014,-4.24014,79.24014,4.24014,71.25,3.75,0.528526249999999,3.71161375,0.146745000000001
1,25,27.83155,27.83155,382,0.02,NA,-2.83155,2.83155,2.83155,8.0176754025,FALSE,75,72.16845,72.16845,2.83154999999999,72.16845,2.83154999999999,71.25,3.75,0.528526249999999,2.30302375,-1.261845
1,25,23.33873,23.33873,441,0.02,NA,1.66127,1.66127,1.66127,2.75981801290001,FALSE,75,76.66127,76.66127,-1.66127,76.66127,1.66127,71.25,3.75,0.528526249999999,1.13274375,-2.432125
1,25,21.26381,21.26381,342,0.02,NA,3.73619,3.73619,3.73619,13.9591157161,FALSE,75,78.73619,78.73619,-3.73618999999999,78.73619,3.73618999999999,71.25,3.75,0.528526249999999,3.20766375,-0.357204999999999
2,25,22.12348,22.12348,334,0.02,NA,2.87652,2.87652,2.87652,8.2743673104,FALSE,75,77.87652,77.87652,-2.87652,77.87652,2.87652,67.5,7.5,4.4480775,-1.5715575,-1.216875
2,25,26.65945,26.65945,486,0.02,NA,-1.65945,1.65945,1.65945,2.7537743025,FALSE,75,73.34055,73.34055,1.65944999999999,73.34055,1.65944999999999,67.5,7.5,4.4480775,-2.7886275,-2.433945
2,25,28.43682,28.43682,337,0.02,NA,-3.43682,3.43682,3.43682,11.8117317124,FALSE,75,71.56318,71.56318,3.43682,71.56318,3.43682,67.5,7.5,4.4480775,-1.0112575,-0.656574999999998
3,25,40.59554,40.59554,342,0.02,3472,-15.59554,15.59554,15.59554,243.2208678916,FALSE,75,59.40446,59.40446,15.59554,59.40446,15.59554,63.75,11.25,8.36762875000001,7.22791124999999,11.502145
3,25,30.8756,30.8756,378,0.02,NA,-5.8756,5.8756,5.8756,34.52267536,FALSE,75,69.1244,69.1244,5.87559999999999,69.1244,5.87559999999999,63.75,11.25,8.36762875000001,-2.49202875000001,1.782205
3,25,26.83726,26.83726,380,0.02,NA,-1.83726,1.83726,1.83726,3.3755243076,FALSE,75,73.16274,73.16274,1.83726,73.16274,1.83726,63.75,11.25,8.36762875000001,-6.53036875000001,-2.256135
3,25,26.40612,26.40612,336,0.02,NA,-1.40612,1.40612,1.40612,1.9771734544,FALSE,75,73.59388,73.59388,1.40612,73.59388,1.40612,63.75,11.25,8.36762875000001,-6.96150875000001,-2.687275
4,25,29.96431,29.96431,335,0.02,NA,-4.96431,4.96431,4.96431,24.6443737761,FALSE,75,70.03569,70.03569,4.96431,70.03569,4.96431,60,15,12.28718,-7.32287,0.870915000000002
4,25,51.43733,51.43733,435,0.02,NA,-26.43733,26.43733,26.43733,698.9324175289,FALSE,75,48.56267,48.56267,26.43733,48.56267,26.43733,60,15,12.28718,14.15015,22.343935
4,25,41.35487,41.35487,477,0.02,NA,-16.35487,16.35487,16.35487,267.4817727169,FALSE,75,58.64513,58.64513,16.35487,58.64513,16.35487,60,15,12.28718,4.06769,12.261475
5,25,42.95695,42.95695,521,0.02,NA,-17.95695,17.95695,17.95695,322.4520533025,FALSE,75,57.04305,57.04305,17.95695,57.04305,17.95695,56.25,18.75,16.20673125,1.75021875,13.863555
5,25,32.55326,32.55326,436,0.02,NA,-7.55326,7.55326,7.55326,57.0517366276,FALSE,75,67.44674,67.44674,7.55325999999999,67.44674,7.55325999999999,56.25,18.75,16.20673125,-8.65347125,3.459865
5,25,31.61348,31.61348,354,0.02,NA,-6.61348,6.61348,6.61348,43.7381177104,FALSE,75,68.38652,68.38652,6.61348,68.38652,6.61348,56.25,18.75,16.20673125,-9.59325125,2.520085
6,25,39.46524,39.46524,477,0.02,NA,-14.46524,14.46524,14.46524,209.2431682576,FALSE,75,60.53476,60.53476,14.46524,60.53476,14.46524,52.5,22.5,20.1262825,-5.6610425,10.371845
6,25,38.29051,38.29051,426,0.02,NA,-13.29051,13.29051,13.29051,176.6376560601,FALSE,75,61.70949,61.70949,13.29051,61.70949,13.29051,52.5,22.5,20.1262825,-6.8357725,9.197115
6,25,45.18367,45.18367,384,0.02,NA,-20.18367,20.18367,20.18367,407.3805346689,FALSE,75,54.81633,54.81633,20.18367,54.81633,20.18367,52.5,22.5,20.1262825,0.0573874999999973,16.090275
7,25,45.55648,45.55648,430,0.02,4180,-20.55648,20.55648,20.55648,422.5688699904,FALSE,75,54.44352,54.44352,20.55648,54.44352,20.55648,48.75,26.25,24.04583375,-3.48935375,16.463085
7,25,50.60735,50.60735,527,0.02,NA,-25.60735,25.60735,25.60735,655.7363740225,FALSE,75,49.39265,49.39265,25.60735,49.39265,25.60735,48.75,26.25,24.04583375,1.56151625,21.513955
7,25,45.552,45.552,525,0.02,NA,-20.552,20.552,20.552,422.384704,FALSE,75,54.448,54.448,20.552,54.448,20.552,48.75,26.25,24.04583375,-3.49383375,16.458605
0,25,19.99517,19.99517,297,0.02,3232,5.00483,5.00483,5.00483,25.0483233289,FALSE,75,80.00483,80.00483,-5.00483,80.00483,5.00483,75,0,3.391025,1.613805,0.911434999999999
0,25,14.56329,14.56329,287,0.02,NA,10.43671,10.43671,10.43671,108.9249156241,FALSE,75,85.43671,85.43671,-10.43671,85.43671,10.43671,75,0,3.391025,7.045685,6.343315
1,25,16.87277,16.87277,381,0.02,NA,8.12723,8.12723,8.12723,66.0518674729,FALSE,75,83.12723,83.12723,-8.12723,83.12723,8.12723,71.25,3.75,0.528526249999999,7.59870375,4.033835
1,25,35.69798,35.69798,396,0.02,NA,-10.69798,10.69798,10.69798,114.4467760804,FALSE,75,64.30202,64.30202,10.69798,64.30202,10.69798,71.25,3.75,0.528526249999999,10.16945375,6.604585
2,25,25.01606,25.01606,382,0.02,NA,-0.0160599999999995,0.0160599999999995,0.0160599999999995,0.000257923599999985,FALSE,75,74.98394,74.98394,0.016059999999996,74.98394,0.016059999999996,67.5,7.5,4.4480775,-4.4320175,-4.077335
2,25,33.33642,33.33642,472,0.02,NA,-8.33642,8.33642,8.33642,69.4958984164,FALSE,75,66.66358,66.66358,8.33642,66.66358,8.33642,67.5,7.5,4.4480775,3.8883425,4.243025
3,25,37.3987,37.3987,344,0.02,3472,-12.3987,12.3987,12.3987,153.72776169,FALSE,75,62.6013,62.6013,12.3987,62.6013,12.3987,63.75,11.25,8.36762875000001,4.03107124999999,8.305305
3,25,23.12678,23.12678,364,0.02,NA,1.87322,1.87322,1.87322,3.5089531684,FALSE,75,76.87322,76.87322,-1.87322,76.87322,1.87322,63.75,11.25,8.36762875000001,-6.49440875000001,-2.220175
3,25,34.13509,34.13509,391,0.02,NA,-9.13509,9.13509,9.13509,83.4498693081,FALSE,75,65.86491,65.86491,9.13508999999999,65.86491,9.13508999999999,63.75,11.25,8.36762875000001,0.76746124999999,5.041695
4,25,54.11762,54.11762,479,0.02,4176,-29.11762,29.11762,29.11762,847.8357944644,FALSE,75,45.88238,45.88238,29.11762,45.88238,29.11762,60,15,12.28718,16.83044,25.024225
4,25,40.83744,40.83744,487,0.02,NA,-15.83744,15.83744,15.83744,250.8245057536,FALSE,75,59.16256,59.16256,15.83744,59.16256,15.83744,60,15,12.28718,3.55026,11.744045
4,25,23.81819,23.81819,370,0.02,NA,1.18181,1.18181,1.18181,1.3966748761,FALSE,75,76.18181,76.18181,-1.18181,76.18181,1.18181,60,15,12.28718,-11.10537,-2.911585
5,25,28.4006,28.4006,390,0.02,2996,-3.4006,3.4006,3.4006,11.56408036,FALSE,75,71.5994,71.5994,3.4006,71.5994,3.4006,56.25,18.75,16.20673125,-12.80613125,-0.692795000000002
5,25,29.98695,29.98695,381,0.02,NA,-4.98695,4.98695,4.98695,24.8696703025,FALSE,75,70.01305,70.01305,4.98695000000001,70.01305,4.98695000000001,56.25,18.75,16.20673125,-11.21978125,0.893555000000001
5,25,33.14954,33.14954,473,0.02,NA,-8.14954,8.14954,8.14954,66.4150022116,FALSE,75,66.85046,66.85046,8.14954,66.85046,8.14954,56.25,18.75,16.20673125,-8.05719125,4.056145
6,25,38.49145,38.49145,568,0.02,NA,-13.49145,13.49145,13.49145,182.0192231025,FALSE,75,61.50855,61.50855,13.49145,61.50855,13.49145,52.5,22.5,20.1262825,-6.6348325,9.398055
6,25,51.04075,51.04075,523,0.02,NA,-26.04075,26.04075,26.04075,678.1206605625,FALSE,75,48.95925,48.95925,26.04075,48.95925,26.04075,52.5,22.5,20.1262825,5.9144675,21.947355
7,25,54.71213,54.71213,604,0.02,5768,-29.71213,29.71213,29.71213,882.8106691369,FALSE,75,45.28787,45.28787,29.71213,45.28787,29.71213,48.75,26.25,24.04583375,5.66629625,25.618735
7,25,55.79791,55.79791,711,0.02,NA,-30.79791,30.79791,30.79791,948.5112603681,FALSE,75,44.20209,44.20209,30.79791,44.20209,30.79791,48.75,26.25,24.04583375,6.75207624999999,26.704515
7,25,47.81844,47.81844,704,0.02,NA,-22.81844,22.81844,22.81844,520.6812040336,FALSE,75,52.18156,52.18156,22.81844,52.18156,22.81844,48.75,26.25,24.04583375,-1.22739375,18.725045
0,25,20.80158,20.80158,336,0.02,NA,4.19842,4.19842,4.19842,17.6267304964,FALSE,75,79.19842,79.19842,-4.19842,79.19842,4.19842,75,0,3.391025,0.807395,0.105024999999999
0,25,30.27248,30.27248,379,0.02,NA,-5.27248,5.27248,5.27248,27.7990453504,FALSE,75,69.72752,69.72752,5.27248,69.72752,5.27248,75,0,3.391025,1.881455,1.179085
1,25,27.75295,27.75295,339,0.02,2612,-2.75295,2.75295,2.75295,7.57873370249999,FALSE,75,72.24705,72.24705,2.75295,72.24705,2.75295,71.25,3.75,0.528526249999999,2.22442375,-1.340445
1,25,20.75827,20.75827,292,0.02,NA,4.24173,4.24173,4.24173,17.9922733929,FALSE,75,79.24173,79.24173,-4.24173,79.24173,4.24173,71.25,3.75,0.528526249999999,3.71320375,0.148335000000001
1,25,26.78946,26.78946,381,0.02,NA,-1.78946,1.78946,1.78946,3.20216709159999,FALSE,75,73.21054,73.21054,1.78945999999999,73.21054,1.78945999999999,71.25,3.75,0.528526249999999,1.26093375,-2.303935
2,25,34.54467,34.54467,387,0.02,NA,-9.54467,9.54467,9.54467,91.1007254088999,FALSE,75,65.45533,65.45533,9.54467,65.45533,9.54467,67.5,7.5,4.4480775,5.0965925,5.451275
2,25,28.76326,28.76326,428,0.02,NA,-3.76326,3.76326,3.76326,14.1621258276,FALSE,75,71.23674,71.23674,3.76326,71.23674,3.76326,67.5,7.5,4.4480775,-0.684817499999994,-0.330134999999997
3,25,42.9224,42.9224,443,0.02,4376,-17.9224,17.9224,17.9224,321.21242176,FALSE,75,57.0776,57.0776,17.9224,57.0776,17.9224,63.75,11.25,8.36762875000001,9.55477124999999,13.829005
3,25,48.59372,48.59372,479,0.02,NA,-23.59372,23.59372,23.59372,556.6636234384,FALSE,75,51.40628,51.40628,23.59372,51.40628,23.59372,63.75,11.25,8.36762875000001,15.22609125,19.500325
3,25,23.75354,23.75354,332,0.02,NA,1.24646,1.24646,1.24646,1.5536625316,FALSE,75,76.24646,76.24646,-1.24646,76.24646,1.24646,63.75,11.25,8.36762875000001,-7.12116875000001,-2.846935
4,25,50.65373,50.65373,569,0.02,NA,-25.65373,25.65373,25.65373,658.1138629129,FALSE,75,49.34627,49.34627,25.65373,49.34627,25.65373,60,15,12.28718,13.36655,21.560335
4,25,44.59924,44.59924,431,0.02,NA,-19.59924,19.59924,19.59924,384.1302085776,FALSE,75,55.40076,55.40076,19.59924,55.40076,19.59924,60,15,12.28718,7.31206,15.505845
5,25,31.18127,31.18127,351,0.02,2824,-6.18127,6.18127,6.18127,38.2080988129,FALSE,75,68.81873,68.81873,6.18127,68.81873,6.18127,56.25,18.75,16.20673125,-10.02546125,2.087875
5,25,39.34083,39.34083,381,0.02,NA,-14.34083,14.34083,14.34083,205.6594050889,FALSE,75,60.65917,60.65917,14.34083,60.65917,14.34083,56.25,18.75,16.20673125,-1.86590125,10.247435
5,25,33.34719,33.34719,426,0.02,NA,-8.34719,8.34719,8.34719,69.6755808961,FALSE,75,66.65281,66.65281,8.34719,66.65281,8.34719,56.25,18.75,16.20673125,-7.85954125,4.253795
6,25,37.4505,37.4505,496,0.02,4904,-12.4505,12.4505,12.4505,155.01495025,FALSE,75,62.5495,62.5495,12.4505,62.5495,12.4505,52.5,22.5,20.1262825,-7.6757825,8.357105
6,25,48.73292,48.73292,572,0.02,NA,-23.73292,23.73292,23.73292,563.2514917264,FALSE,75,51.26708,51.26708,23.73292,51.26708,23.73292,52.5,22.5,20.1262825,3.6066375,19.639525
6,25,41.69812,41.69812,381,0.02,NA,-16.69812,16.69812,16.69812,278.8272115344,FALSE,75,58.30188,58.30188,16.69812,58.30188,16.69812,52.5,22.5,20.1262825,-3.4281625,12.604725
7,25,42.31201,42.31201,488,0.02,4868,-17.31201,17.31201,17.31201,299.7056902401,FALSE,75,57.68799,57.68799,17.31201,57.68799,17.31201,48.75,26.25,24.04583375,-6.73382375,13.218615
7,25,58.72843,58.72843,618,0.02,NA,-33.72843,33.72843,33.72843,1137.6069902649,FALSE,75,41.27157,41.27157,33.72843,41.27157,33.72843,48.75,26.25,24.04583375,9.68259625,29.635035
0,25,27.08295,27.08295,346,0.02,NA,-2.08295,2.08295,2.08295,4.3386807025,FALSE,75,72.91705,72.91705,2.08295,72.91705,2.08295,75,0,3.391025,-1.308075,-2.010445
0,25,17.27722,17.27722,333,0.02,NA,7.72278,7.72278,7.72278,59.6413309284,FALSE,75,82.72278,82.72278,-7.72278,82.72278,7.72278,75,0,3.391025,4.331755,3.629385
1,25,28.44875,28.44875,336,0.02,NA,-3.44875,3.44875,3.44875,11.8938765625,FALSE,75,71.55125,71.55125,3.44875,71.55125,3.44875,71.25,3.75,0.528526249999999,2.92022375,-0.644644999999999
1,25,32.2802,32.2802,337,0.02,NA,-7.2802,7.2802,7.2802,53.00131204,FALSE,75,67.7198,67.7198,7.28020000000001,67.7198,7.28020000000001,71.25,3.75,0.528526249999999,6.75167375,3.186805
2,25,34.28927,34.28927,333,0.02,3284,-9.28927,9.28927,9.28927,86.2905371329,FALSE,75,65.71073,65.71073,9.28927,65.71073,9.28927,67.5,7.5,4.4480775,4.84119250000001,5.195875
2,25,22.1505,22.1505,380,0.02,NA,2.8495,2.8495,2.8495,8.11965024999999,FALSE,75,77.8495,77.8495,-2.84950000000001,77.8495,2.84950000000001,67.5,7.5,4.4480775,-1.5985775,-1.243895
2,25,32.95295,32.95295,348,0.02,NA,-7.95294999999999,7.95294999999999,7.95294999999999,63.2494137024999,FALSE,75,67.04705,67.04705,7.95294999999999,67.04705,7.95294999999999,67.5,7.5,4.4480775,3.5048725,3.85955499999999
3,25,24.84247,24.84247,340,0.02,NA,0.157530000000001,0.157530000000001,0.157530000000001,0.0248157009000004,FALSE,75,75.15753,75.15753,-0.157530000000008,75.15753,0.157530000000008,63.75,11.25,8.36762875000001,-8.21009875000001,-3.935865
3,25,38.8067,38.8067,427,0.02,NA,-13.8067,13.8067,13.8067,190.62496489,FALSE,75,61.1933,61.1933,13.8067,61.1933,13.8067,63.75,11.25,8.36762875000001,5.43907124999999,9.713305
4,25,40.14725,40.14725,437,0.02,4296,-15.14725,15.14725,15.14725,229.4391825625,FALSE,75,59.85275,59.85275,15.14725,59.85275,15.14725,60,15,12.28718,2.86007,11.053855
4,25,27.76191,27.76191,433,0.02,NA,-2.76191,2.76191,2.76191,7.6281468481,FALSE,75,72.23809,72.23809,2.76191,72.23809,2.76191,60,15,12.28718,-9.52527,-1.331485
4,25,31.96862,31.96862,339,0.02,NA,-6.96862,6.96862,6.96862,48.5616647044,FALSE,75,68.03138,68.03138,6.96862,68.03138,6.96862,60,15,12.28718,-5.31856,2.875225
5,25,29.52036,29.52036,385,0.02,NA,-4.52036,4.52036,4.52036,20.4336545296,FALSE,75,70.47964,70.47964,4.52036,70.47964,4.52036,56.25,18.75,16.20673125,-11.68637125,0.426965000000001
5,25,35.93556,35.93556,382,0.02,NA,-10.93556,10.93556,10.93556,119.5864725136,FALSE,75,64.06444,64.06444,10.93556,64.06444,10.93556,56.25,18.75,16.20673125,-5.27117124999999,6.842165
6,25,31.83031,31.83031,474,0.02,NA,-6.83031,6.83031,6.83031,46.6531346961,FALSE,75,68.16969,68.16969,6.83031,68.16969,6.83031,52.5,22.5,20.1262825,-13.2959725,2.736915
7,25,53.12487,53.12487,580,0.02,NA,-28.12487,28.12487,28.12487,791.0083125169,FALSE,75,46.87513,46.87513,28.12487,46.87513,28.12487,48.75,26.25,24.04583375,4.07903625,24.031475
0,25,15.7035,15.7035,256,0.02,2628,9.2965,9.2965,9.2965,86.42491225,FALSE,75,84.2965,84.2965,-9.29649999999999,84.2965,9.29649999999999,75,0,3.391025,5.905475,5.203105
0,25,19.41274,19.41274,345,0.02,NA,5.58726,5.58726,5.58726,31.2174743076,FALSE,75,80.58726,80.58726,-5.58726,80.58726,5.58726,75,0,3.391025,2.196235,1.493865
1,25,24.03907,24.03907,288,0.02,2864,0.960929999999998,0.960929999999998,0.960929999999998,0.923386464899995,FALSE,75,75.96093,75.96093,-0.960929999999991,75.96093,0.960929999999991,71.25,3.75,0.528526249999999,0.432403749999999,-3.132465
1,25,20.87469,20.87469,381,0.02,NA,4.12531,4.12531,4.12531,17.0181825961,FALSE,75,79.12531,79.12531,-4.12531,79.12531,4.12531,71.25,3.75,0.528526249999999,3.59678375,0.0319149999999997
2,25,32.88714,32.88714,379,0.02,3544,-7.88714,7.88714,7.88714,62.2069773795999,FALSE,75,67.11286,67.11286,7.88713999999999,67.11286,7.88713999999999,67.5,7.5,4.4480775,3.4390625,3.793745
2,25,46.57523,46.57523,479,0.02,NA,-21.57523,21.57523,21.57523,465.4905495529,FALSE,75,53.42477,53.42477,21.57523,53.42477,21.57523,67.5,7.5,4.4480775,17.1271525,17.481835
3,25,44.5031,44.5031,436,0.02,NA,-19.5031,19.5031,19.5031,380.37090961,FALSE,75,55.4969,55.4969,19.5031,55.4969,19.5031,63.75,11.25,8.36762875000001,11.13547125,15.409705
4,25,35.60475,35.60475,403,0.02,4032,-10.60475,10.60475,10.60475,112.4607225625,FALSE,75,64.39525,64.39525,10.60475,64.39525,10.60475,60,15,12.28718,-1.68243,6.511355
4,25,43.99234,43.99234,428,0.02,NA,-18.99234,18.99234,18.99234,360.7089786756,FALSE,75,56.00766,56.00766,18.99234,56.00766,18.99234,60,15,12.28718,6.70516,14.898945
5,25,44.87564,44.87564,367,0.02,3552,-19.87564,19.87564,19.87564,395.0410654096,FALSE,75,55.12436,55.12436,19.87564,55.12436,19.87564,56.25,18.75,16.20673125,3.66890875,15.782245
5,25,28.26925,28.26925,381,0.02,NA,-3.26925,3.26925,3.26925,10.6879955625,FALSE,75,71.73075,71.73075,3.26925,71.73075,3.26925,56.25,18.75,16.20673125,-12.93748125,-0.824145
6,25,43.01897,43.01897,477,0.02,4840,-18.01897,18.01897,18.01897,324.6832798609,FALSE,75,56.98103,56.98103,18.01897,56.98103,18.01897,52.5,22.5,20.1262825,-2.1073125,13.925575
6,25,35.98211,35.98211,437,0.02,NA,-10.98211,10.98211,10.98211,120.6067400521,FALSE,75,64.01789,64.01789,10.98211,64.01789,10.98211,52.5,22.5,20.1262825,-9.1441725,6.888715
7,25,45.94237,45.94237,676,0.02,6300,-20.94237,20.94237,20.94237,438.5828612169,FALSE,75,54.05763,54.05763,20.94237,54.05763,20.94237,48.75,26.25,24.04583375,-3.10346375,16.848975
0,25,23.31003,23.31003,302,0.02,3112,1.68997,1.68997,1.68997,2.8559986009,FALSE,75,76.68997,76.68997,-1.68997,76.68997,1.68997,75,0,3.391025,-1.701055,-2.403425
0,25,16.61198,16.61198,249,0.02,NA,8.38802,8.38802,8.38802,70.3588795204,FALSE,75,83.38802,83.38802,-8.38802,83.38802,8.38802,75,0,3.391025,4.996995,4.294625
1,25,21.99399,21.99399,334,0.02,NA,3.00601,3.00601,3.00601,9.0360961201,FALSE,75,78.00601,78.00601,-3.00601,78.00601,3.00601,71.25,3.75,0.528526249999999,2.47748375,-1.087385
2,25,17.6462,17.6462,291,0.02,2976,7.3538,7.3538,7.3538,54.07837444,FALSE,75,82.3538,82.3538,-7.35380000000001,82.3538,7.35380000000001,67.5,7.5,4.4480775,2.9057225,3.260405
2,25,21.88066,21.88066,335,0.02,NA,3.11934,3.11934,3.11934,9.73028203560001,FALSE,75,78.11934,78.11934,-3.11933999999999,78.11934,3.11933999999999,67.5,7.5,4.4480775,-1.3287375,-0.974054999999998
3,25,21.18749,21.18749,350,0.02,NA,3.81251,3.81251,3.81251,14.5352325001,FALSE,75,78.81251,78.81251,-3.81251,78.81251,3.81251,63.75,11.25,8.36762875000001,-4.55511875000001,-0.280885
4,25,26.35809,26.35809,339,0.02,2280,-1.35809,1.35809,1.35809,1.8444084481,FALSE,75,73.64191,73.64191,1.35809,73.64191,1.35809,60,15,12.28718,-10.92909,-2.735305
4,25,19.12978,19.12978,338,0.02,NA,5.87022,5.87022,5.87022,34.4594828484,FALSE,75,80.87022,80.87022,-5.87022,80.87022,5.87022,60,15,12.28718,-6.41696,1.776825
5,25,37.82167,37.82167,302,0.02,2556,-12.82167,12.82167,12.82167,164.3952215889,FALSE,75,62.17833,62.17833,12.82167,62.17833,12.82167,56.25,18.75,16.20673125,-3.38506124999999,8.72827500000001
5,25,42.44718,42.44718,429,0.02,NA,-17.44718,17.44718,17.44718,304.4040899524,FALSE,75,57.55282,57.55282,17.44718,57.55282,17.44718,56.25,18.75,16.20673125,1.24044875000001,13.353785
6,25,43.28805,43.28805,604,0.02,5276,-18.28805,18.28805,18.28805,334.4527728025,FALSE,75,56.71195,56.71195,18.28805,56.71195,18.28805,52.5,22.5,20.1262825,-1.8382325,14.194655
6,25,29.65447,29.65447,438,0.02,NA,-4.65447,4.65447,4.65447,21.6640909809,FALSE,75,70.34553,70.34553,4.65447,70.34553,4.65447,52.5,22.5,20.1262825,-15.4718125,0.561075000000001
7,25,38.73225,38.73225,432,0.02,NA,-13.73225,13.73225,13.73225,188.5746900625,FALSE,75,61.26775,61.26775,13.73225,61.26775,13.73225,48.75,26.25,24.04583375,-10.31358375,9.638855
0,25,22.07009,22.07009,396,0.02,NA,2.92991,2.92991,2.92991,8.5843726081,FALSE,75,77.92991,77.92991,-2.92991000000001,77.92991,2.92991000000001,75,0,3.391025,-0.461114999999999,-1.163485
1,25,21.15732,21.15732,338,0.02,NA,3.84268,3.84268,3.84268,14.7661895824,FALSE,75,78.84268,78.84268,-3.84268,78.84268,3.84268,71.25,3.75,0.528526249999999,3.31415375,-0.250714999999998
2,25,26.71413,26.71413,299,0.02,2932,-1.71413,1.71413,1.71413,2.93824165690001,FALSE,75,73.28587,73.28587,1.71413000000001,73.28587,1.71413000000001,67.5,7.5,4.4480775,-2.73394749999999,-2.37926499999999
2,25,37.05779,37.05779,436,0.02,NA,-12.05779,12.05779,12.05779,145.3902996841,FALSE,75,62.94221,62.94221,12.05779,62.94221,12.05779,67.5,7.5,4.4480775,7.60971250000001,7.964395
3,25,29.04366,29.04366,344,0.02,NA,-4.04366,4.04366,4.04366,16.3511861956,FALSE,75,70.95634,70.95634,4.04366,70.95634,4.04366,63.75,11.25,8.36762875000001,-4.32396875000001,-0.0497350000000001
4,25,51.96848,51.96848,389,0.02,3604,-26.96848,26.96848,26.96848,727.2989135104,FALSE,75,48.03152,48.03152,26.96848,48.03152,26.96848,60,15,12.28718,14.6813,22.875085
4,25,32.96892,32.96892,429,0.02,NA,-7.96892,7.96892,7.96892,63.5036859664001,FALSE,75,67.03108,67.03108,7.96892,67.03108,7.96892,60,15,12.28718,-4.31826,3.875525
5,25,41.40759,41.40759,473,0.02,NA,-16.40759,16.40759,16.40759,269.2090096081,FALSE,75,58.59241,58.59241,16.40759,58.59241,16.40759,56.25,18.75,16.20673125,0.200858750000002,12.314195
6,25,48.13954,48.13954,569,0.02,NA,-23.13954,23.13954,23.13954,535.4383114116,FALSE,75,51.86046,51.86046,23.13954,51.86046,23.13954,52.5,22.5,20.1262825,3.01325749999999,19.046145
7,25,35.05347,35.05347,430,0.02,4144,-10.05347,10.05347,10.05347,101.0722590409,FALSE,75,64.94653,64.94653,10.05347,64.94653,10.05347,48.75,26.25,24.04583375,-13.99236375,5.960075
7,25,38.51667,38.51667,572,0.02,NA,-13.51667,13.51667,13.51667,182.7003678889,FALSE,75,61.48333,61.48333,13.51667,61.48333,13.51667,48.75,26.25,24.04583375,-10.52916375,9.423275
0,25,25.03833,25.03833,312,0.02,3160,-0.0383299999999984,0.0383299999999984,0.0383299999999984,0.00146918889999988,FALSE,75,74.96167,74.96167,0.038330000000002,74.96167,0.038330000000002,75,0,3.391025,-3.352695,-4.055065
1,25,27.422,27.422,298,0.02,3016,-2.422,2.422,2.422,5.866084,FALSE,75,72.578,72.578,2.422,72.578,2.422,71.25,3.75,0.528526249999999,1.89347375,-1.671395
3,25,37.88345,37.88345,333,0.02,2392,-12.88345,12.88345,12.88345,165.9832839025,FALSE,75,62.11655,62.11655,12.88345,62.11655,12.88345,63.75,11.25,8.36762875000001,4.51582124999999,8.790055
7,25,50.26008,50.26008,478,0.02,4520,-25.26008,25.26008,25.26008,638.0716416064,FALSE,75,49.73992,49.73992,25.26008,49.73992,25.26008,48.75,26.25,24.04583375,1.21424625,21.166685
0,25,21.38699,21.38699,247,0.02,2476,3.61301,3.61301,3.61301,13.0538412601,FALSE,75,78.61301,78.61301,-3.61301,78.61301,3.61301,75,0,3.391025,0.221985,-0.480385
5,25,33.22241,33.22241,411,0.02,4116,-8.22241,8.22241,8.22241,67.6080262081001,FALSE,75,66.77759,66.77759,8.22241,66.77759,8.22241,56.25,18.75,16.20673125,-7.98432124999999,4.129015
7,25,52.88979,52.88979,477,0.02,4600,-27.88979,27.88979,27.88979,777.8403862441,FALSE,75,47.11021,47.11021,27.88979,47.11021,27.88979,48.75,26.25,24.04583375,3.84395625000001,23.796395
3,25,30.64742,30.64742,296,0.02,3076,-5.64742,5.64742,5.64742,31.8933526564,FALSE,75,69.35258,69.35258,5.64742,69.35258,5.64742,63.75,11.25,8.36762875000001,-2.72020875000001,1.554025
5,25,23.67169,23.67169,454,0.02,4204,1.32831,1.32831,1.32831,1.7644074561,FALSE,75,76.32831,76.32831,-1.32831,76.32831,1.32831,56.25,18.75,16.20673125,-14.87842125,-2.765085
0,25,23.15301,23.15301,352,0.02,3540,1.84699,1.84699,1.84699,3.41137206010001,FALSE,75,76.84699,76.84699,-1.84699000000001,76.84699,1.84699000000001,75,0,3.391025,-1.544035,-2.246405
0,25,18.14177,18.14177,244,0.02,2588,6.85823,6.85823,6.85823,47.0353187329,FALSE,75,81.85823,81.85823,-6.85823000000001,81.85823,6.85823000000001,75,0,3.391025,3.467205,2.764835
2,25,35.25856,35.25856,356,0.02,3560,-10.25856,10.25856,10.25856,105.2380532736,FALSE,75,64.74144,64.74144,10.25856,64.74144,10.25856,67.5,7.5,4.4480775,5.81048250000001,6.165165
3,25,25.8482,25.8482,269,0.02,2528,-0.848199999999999,0.848199999999999,0.848199999999999,0.719443239999997,FALSE,75,74.1518,74.1518,0.848199999999991,74.1518,0.848199999999991,63.75,11.25,8.36762875000001,-7.51942875000001,-3.245195
6,25,37.22905,37.22905,334,0.02,3448,-12.22905,12.22905,12.22905,149.5496639025,FALSE,75,62.77095,62.77095,12.22905,62.77095,12.22905,52.5,22.5,20.1262825,-7.8972325,8.135655
1,25,38.16874,38.16874,384,0.02,3632,-13.16874,13.16874,13.16874,173.4157131876,FALSE,75,61.83126,61.83126,13.16874,61.83126,13.16874,71.25,3.75,0.528526249999999,12.64021375,9.075345
2,25,33.48588,33.48588,340,0.02,3124,-8.48588,8.48588,8.48588,72.0101593744,FALSE,75,66.51412,66.51412,8.48588000000001,66.51412,8.48588000000001,67.5,7.5,4.4480775,4.03780250000001,4.392485
6,25,43.56887,43.56887,575,0.02,4948,-18.56887,18.56887,18.56887,344.8029330769,FALSE,75,56.43113,56.43113,18.56887,56.43113,18.56887,52.5,22.5,20.1262825,-1.55741250000001,14.475475
0,25,24.29324,24.29324,350,0.02,2468,0.706759999999999,0.706759999999999,0.706759999999999,0.499509697599999,FALSE,75,75.70676,75.70676,-0.706760000000003,75.70676,0.706760000000003,75,0,3.391025,-2.684265,-3.386635
2,25,24.85599,24.85599,350,0.02,3432,0.144010000000002,0.144010000000002,0.144010000000002,0.0207388801000004,FALSE,75,75.14401,75.14401,-0.144010000000009,75.14401,0.144010000000009,67.5,7.5,4.4480775,-4.3040675,-3.949385
5,25,42.18206,42.18206,386,0.02,3924,-17.18206,17.18206,17.18206,295.2231858436,FALSE,75,57.81794,57.81794,17.18206,57.81794,17.18206,56.25,18.75,16.20673125,0.975328750000003,13.088665
6,25,39.49373,39.49373,383,0.02,2632,-14.49373,14.49373,14.49373,210.0682093129,FALSE,75,60.50627,60.50627,14.49373,60.50627,14.49373,52.5,22.5,20.1262825,-5.6325525,10.400335
7,25,51.49257,51.49257,478,0.02,4360,-26.49257,26.49257,26.49257,701.8562652049,FALSE,75,48.50743,48.50743,26.49257,48.50743,26.49257,48.75,26.25,24.04583375,2.44673625,22.399175
1,25,17.901,17.901,303,0.02,2744,7.099,7.099,7.099,50.395801,FALSE,75,82.099,82.099,-7.099,82.099,7.099,71.25,3.75,0.528526249999999,6.57047375,3.005605
4,25,33.87303,33.87303,351,0.02,3556,-8.87303,8.87303,8.87303,78.7306613809,FALSE,75,66.12697,66.12697,8.87303,66.12697,8.87303,60,15,12.28718,-3.41415,4.779635
6,25,30.72063,30.72063,387,0.02,3540,-5.72063,5.72063,5.72063,32.7256075969,FALSE,75,69.27937,69.27937,5.72063,69.27937,5.72063,52.5,22.5,20.1262825,-14.4056525,1.627235
7,25,57.01089,57.01089,726,0.02,6640,-32.01089,32.01089,32.01089,1024.6970785921,FALSE,75,42.98911,42.98911,32.01089,42.98911,32.01089,48.75,26.25,24.04583375,7.96505625,27.917495
1,25,21.24764,21.24764,288,0.02,2436,3.75236,3.75236,3.75236,14.0802055696,FALSE,75,78.75236,78.75236,-3.75236,78.75236,3.75236,71.25,3.75,0.528526249999999,3.22383375,-0.341035
7,25,44.93806,44.93806,485,0.02,4420,-19.93806,19.93806,19.93806,397.5262365636,FALSE,75,55.06194,55.06194,19.93806,55.06194,19.93806,48.75,26.25,24.04583375,-4.10777375,15.844665
4,25,29.83501,29.83501,451,0.02,4580,-4.83501,4.83501,4.83501,23.3773217001,FALSE,75,70.16499,70.16499,4.83501,70.16499,4.83501,60,15,12.28718,-7.45217,0.741615000000001
3,25,25.78711,25.78711,380,0.02,3768,-0.787110000000002,0.787110000000002,0.787110000000002,0.619542152100003,FALSE,75,74.21289,74.21289,0.787109999999998,74.21289,0.787109999999998,63.75,11.25,8.36762875000001,-7.58051875000001,-3.306285
4,25,37.62816,37.62816,389,0.02,3820,-12.62816,12.62816,12.62816,159.4704249856,FALSE,75,62.37184,62.37184,12.62816,62.37184,12.62816,60,15,12.28718,0.340980000000002,8.534765
0,25,15.57351,15.57351,415,0.02,4052,9.42649,9.42649,9.42649,88.8587137201,FALSE,75,84.42649,84.42649,-9.42649,84.42649,9.42649,75,0,3.391025,6.035465,5.333095
1,25,32.50254,32.50254,336,0.02,2844,-7.50254,7.50254,7.50254,56.2881064516001,FALSE,75,67.49746,67.49746,7.50254000000001,67.49746,7.50254000000001,71.25,3.75,0.528526249999999,6.97401375,3.409145
2,25,25.87151,25.87151,311,0.02,3412,-0.871509999999997,0.871509999999997,0.871509999999997,0.759529680099995,FALSE,75,74.12849,74.12849,0.871510000000001,74.12849,0.871510000000001,67.5,7.5,4.4480775,-3.5765675,-3.221885
3,25,38.43279,38.43279,396,0.02,3376,-13.43279,13.43279,13.43279,180.4398471841,FALSE,75,61.56721,61.56721,13.43279,61.56721,13.43279,63.75,11.25,8.36762875000001,5.06516124999999,9.339395
4,25,34.53713,34.53713,380,0.02,3660,-9.53713,9.53713,9.53713,90.9568486368999,FALSE,75,65.46287,65.46287,9.53712999999999,65.46287,9.53712999999999,60,15,12.28718,-2.75005,5.443735
0,25,20.73731,20.73731,304,0.02,2676,4.26269,4.26269,4.26269,18.1705260361,FALSE,75,79.26269,79.26269,-4.26268999999999,79.26269,4.26268999999999,75,0,3.391025,0.871665,0.169295
1,25,29.17251,29.17251,315,0.02,3228,-4.17251,4.17251,4.17251,17.4098397001,FALSE,75,70.82749,70.82749,4.17251,70.82749,4.17251,71.25,3.75,0.528526249999999,3.64398375,0.0791150000000034
3,25,29.79179,29.79179,384,0.02,3932,-4.79179,4.79179,4.79179,22.9612514041,FALSE,75,70.20821,70.20821,4.79179000000001,70.20821,4.79179000000001,63.75,11.25,8.36762875000001,-3.57583875000001,0.698395000000003
2,25,33.8218,33.8218,433,0.02,4276,-8.8218,8.8218,8.8218,77.8241552400001,FALSE,75,66.1782,66.1782,8.8218,66.1782,8.8218,67.5,7.5,4.4480775,4.37372250000001,4.728405
3,25,31.95853,31.95853,403,0.02,3584,-6.95853,6.95853,6.95853,48.4211397609,FALSE,75,68.04147,68.04147,6.95853,68.04147,6.95853,63.75,11.25,8.36762875000001,-1.40909875000001,2.865135
1,25,23.7115,23.7115,431,0.02,3308,1.2885,1.2885,1.2885,1.66023225,FALSE,75,76.2885,76.2885,-1.2885,76.2885,1.2885,71.25,3.75,0.528526249999999,0.75997375,-2.804895
4,25,39.53136,39.53136,349,0.02,3420,-14.53136,14.53136,14.53136,211.1604234496,FALSE,75,60.46864,60.46864,14.53136,60.46864,14.53136,60,15,12.28718,2.24418,10.437965
7,25,60.03812,60.03812,620,0.02,5456,-35.03812,35.03812,35.03812,1227.6698531344,FALSE,75,39.96188,39.96188,35.03812,39.96188,35.03812,48.75,26.25,24.04583375,10.99228625,30.944725
0,25,29.7675,29.7675,290,0.02,2828,-4.7675,4.7675,4.7675,22.72905625,FALSE,75,70.2325,70.2325,4.7675,70.2325,4.7675,75,0,3.391025,1.376475,0.674105000000003
3,25,31.95853,31.95853,403,0.02,3584,-6.95853,6.95853,6.95853,48.4211397609,FALSE,75,68.04147,68.04147,6.95853,68.04147,6.95853,63.75,11.25,8.36762875000001,-1.40909875000001,2.865135
5,25,42.18206,42.18206,386,0.02,3924,-17.18206,17.18206,17.18206,295.2231858436,FALSE,75,57.81794,57.81794,17.18206,57.81794,17.18206,56.25,18.75,16.20673125,0.975328750000003,13.088665
5,25,42.18206,42.18206,386,0.02,3924,-17.18206,17.18206,17.18206,295.2231858436,FALSE,75,57.81794,57.81794,17.18206,57.81794,17.18206,56.25,18.75,16.20673125,0.975328750000003,13.088665
5,25,42.18206,42.18206,386,0.02,3924,-17.18206,17.18206,17.18206,295.2231858436,FALSE,75,57.81794,57.81794,17.18206,57.81794,17.18206,56.25,18.75,16.20673125,0.975328750000003,13.088665
6,25,39.49373,39.49373,383,0.02,2632,-14.49373,14.49373,14.49373,210.0682093129,FALSE,75,60.50627,60.50627,14.49373,60.50627,14.49373,52.5,22.5,20.1262825,-5.6325525,10.400335
6,25,39.49373,39.49373,383,0.02,2632,-14.49373,14.49373,14.49373,210.0682093129,FALSE,75,60.50627,60.50627,14.49373,60.50627,14.49373,52.5,22.5,20.1262825,-5.6325525,10.400335
6,25,39.49373,39.49373,383,0.02,2632,-14.49373,14.49373,14.49373,210.0682093129,FALSE,75,60.50627,60.50627,14.49373,60.50627,14.49373,52.5,22.5,20.1262825,-5.6325525,10.400335
6,25,51.04075,51.04075,523,0.02,NA,-26.04075,26.04075,26.04075,678.1206605625,FALSE,75,48.95925,48.95925,26.04075,48.95925,26.04075,52.5,22.5,20.1262825,5.9144675,21.947355
6,25,51.04075,51.04075,523,0.02,NA,-26.04075,26.04075,26.04075,678.1206605625,FALSE,75,48.95925,48.95925,26.04075,48.95925,26.04075,52.5,22.5,20.1262825,5.9144675,21.947355
6,25,51.04075,51.04075,523,0.02,NA,-26.04075,26.04075,26.04075,678.1206605625,FALSE,75,48.95925,48.95925,26.04075,48.95925,26.04075,52.5,22.5,20.1262825,5.9144675,21.947355
6,25,51.04075,51.04075,523,0.02,NA,-26.04075,26.04075,26.04075,678.1206605625,FALSE,75,48.95925,48.95925,26.04075,48.95925,26.04075,52.5,22.5,20.1262825,5.9144675,21.947355
7,25,52.88979,52.88979,477,0.02,4600,-27.88979,27.88979,27.88979,777.8403862441,FALSE,75,47.11021,47.11021,27.88979,47.11021,27.88979,48.75,26.25,24.04583375,3.84395625000001,23.796395
7,25,52.88979,52.88979,477,0.02,4600,-27.88979,27.88979,27.88979,777.8403862441,FALSE,75,47.11021,47.11021,27.88979,47.11021,27.88979,48.75,26.25,24.04583375,3.84395625000001,23.796395
7,25,52.88979,52.88979,477,0.02,4600,-27.88979,27.88979,27.88979,777.8403862441,FALSE,75,47.11021,47.11021,27.88979,47.11021,27.88979,48.75,26.25,24.04583375,3.84395625000001,23.796395
7,25,50.60735,50.60735,527,0.02,NA,-25.60735,25.60735,25.60735,655.7363740225,FALSE,75,49.39265,49.39265,25.60735,49.39265,25.60735,48.75,26.25,24.04583375,1.56151625,21.513955
7,25,45.552,45.552,525,0.02,NA,-20.552,20.552,20.552,422.384704,FALSE,75,54.448,54.448,20.552,54.448,20.552,48.75,26.25,24.04583375,-3.49383375,16.458605
7,25,41.35272,41.35272,474,0.02,NA,-16.35272,16.35272,16.35272,267.4114513984,FALSE,75,58.64728,58.64728,16.35272,58.64728,16.35272,48.75,26.25,24.04583375,-7.69311375,12.259325